{"cameraMode":{"drawMode":0,"name":"Shaded","section":"Shading Mode"},"sceneLighting":false,"audioPlay":false,"sceneViewState":{"m_AlwaysRefresh":false,"showFog":true,"showSkybox":false,"showFlares":true,"showImageEffects":true,"showParticleSystems":true,"showVisualEffectGraphs":true,"m_FxEnabled":true},"in2DMode":false,"pivot":{"x":-0.11962378025054932,"y":1.3675371408462525,"z":-14.931761741638184},"rotation":{"x":0.20756827294826508,"y":-0.05279485881328583,"z":0.011219573207199574,"w":0.9767311215400696},"size":0.8484653234481812,"orthographic":false}