{"cameraMode":{"drawMode":0,"name":"Shaded","section":"Shading Mode"},"sceneLighting":true,"audioPlay":false,"sceneViewState":{"m_AlwaysRefresh":false,"showFog":true,"showSkybox":false,"showFlares":true,"showImageEffects":true,"showParticleSystems":true,"showVisualEffectGraphs":true,"m_FxEnabled":true},"in2DMode":false,"pivot":{"x":0.9466558694839478,"y":0.0283050537109375,"z":31.880634307861329},"rotation":{"x":0.19422411918640138,"y":-0.06469075381755829,"z":0.012836894951760769,"w":0.9787386655807495},"size":6.732863903045654,"orthographic":false}