{"cameraMode":{"drawMode":0,"name":"Shaded","section":"Shading Mode"},"sceneLighting":true,"audioPlay":false,"sceneViewState":{"m_AlwaysRefresh":false,"showFog":true,"showSkybox":false,"showFlares":true,"showImageEffects":true,"showParticleSystems":true,"showVisualEffectGraphs":true,"m_FxEnabled":true},"in2DMode":false,"pivot":{"x":6.169477462768555,"y":-17.294248580932618,"z":61.77738952636719},"rotation":{"x":0.23273150622844697,"y":-0.010211564600467682,"z":0.0024439143016934397,"w":0.972486138343811},"size":35.05329895019531,"orthographic":false}