{"cameraMode":{"drawMode":0,"name":"Shaded","section":"Shading Mode"},"sceneLighting":false,"audioPlay":false,"sceneViewState":{"m_AlwaysRefresh":false,"showFog":true,"showSkybox":true,"showFlares":true,"showImageEffects":true,"showParticleSystems":true,"showVisualEffectGraphs":true,"m_FxEnabled":true},"in2DMode":false,"pivot":{"x":19.411338806152345,"y":77.53067779541016,"z":22.337738037109376},"rotation":{"x":0.7081652879714966,"y":-0.0010590649908408523,"z":0.001062248251400888,"w":0.7060443162918091},"size":29.317651748657228,"orthographic":true}