{"cameraMode":{"drawMode":0,"name":"Shaded","section":"Shading Mode"},"sceneLighting":false,"audioPlay":false,"sceneViewState":{"m_AlwaysRefresh":false,"showFog":true,"showSkybox":true,"showFlares":true,"showImageEffects":true,"showParticleSystems":true,"showVisualEffectGraphs":true,"m_FxEnabled":true},"in2DMode":false,"pivot":{"x":14.688349723815918,"y":7.061604976654053,"z":21.439931869506837},"rotation":{"x":0.706044614315033,"y":0.0010622496483847499,"z":-0.001059067784808576,"w":0.7081658840179443},"size":26.751068115234376,"orthographic":true}