{"cameraMode":{"drawMode":0,"name":"Shaded","section":"Shading Mode"},"sceneLighting":false,"audioPlay":false,"sceneViewState":{"m_AlwaysRefresh":false,"showFog":true,"showSkybox":false,"showFlares":true,"showImageEffects":true,"showParticleSystems":true,"showVisualEffectGraphs":true,"m_FxEnabled":true},"in2DMode":false,"pivot":{"x":3.982835531234741,"y":1.754439353942871,"z":-14.820816993713379},"rotation":{"x":0.12564660608768464,"y":-0.017856372520327569,"z":0.002261881250888109,"w":0.9919121265411377},"size":2.935049057006836,"orthographic":false}