{"cameraMode":{"drawMode":0,"name":"Shaded","section":"Shading Mode"},"sceneLighting":true,"audioPlay":false,"sceneViewState":{"m_AlwaysRefresh":false,"showFog":true,"showSkybox":false,"showFlares":true,"showImageEffects":true,"showParticleSystems":true,"showVisualEffectGraphs":true,"m_FxEnabled":true},"in2DMode":false,"pivot":{"x":5.010560512542725,"y":-7.191702842712402,"z":-3.3958911895751955},"rotation":{"x":0.42051661014556887,"y":-0.13792003691196443,"z":0.06484583765268326,"w":0.8943929076194763},"size":11.400496482849121,"orthographic":false}