{"cameraMode":{"drawMode":0,"name":"Shaded","section":"Shading Mode"},"sceneLighting":false,"audioPlay":false,"sceneViewState":{"m_AlwaysRefresh":false,"showFog":true,"showSkybox":false,"showFlares":true,"showImageEffects":true,"showParticleSystems":true,"showVisualEffectGraphs":true,"m_FxEnabled":true},"in2DMode":false,"pivot":{"x":4.516450881958008,"y":1.6601043939590455,"z":-17.94719123840332},"rotation":{"x":0.0051937284879386429,"y":-0.4085789918899536,"z":-0.0023250130470842125,"w":-0.9127075672149658},"size":2.8370325565338136,"orthographic":false}